Index,Image ID,1,2,3,4,5,6,7,8,9,10,Semantic tag ID 1,Semantic tag ID 2,Challenge ID,file_readable,num_votes
75935,10010,0.060109289617486336,0.04918032786885246,0.12568306010928962,0.19672131147540983,0.22950819672131148,0.14754098360655737,0.12021857923497267,0.03825136612021858,0.02185792349726776,0.01092896174863388,0,0,49,True,183
29229,10005,0.011111111111111112,0.03333333333333333,0.044444444444444446,0.14444444444444443,0.3,0.28888888888888886,0.08888888888888889,0.05555555555555555,0.011111111111111112,0.022222222222222223,0,0,50,True,90
76245,100233,0.014970059880239521,0.03293413173652695,0.08383233532934131,0.19760479041916168,0.3413173652694611,0.18562874251497005,0.08083832335329341,0.038922155688622756,0.020958083832335328,0.0029940119760479044,18,34,251,True,334
29189,10014,0.033707865168539325,0.02247191011235955,0.056179775280898875,0.25842696629213485,0.30337078651685395,0.19101123595505617,0.0898876404494382,0.02247191011235955,0.011235955056179775,0.011235955056179775,5,30,50,True,89
76060,100227,0.0,0.028391167192429023,0.1167192429022082,0.305993690851735,0.3280757097791798,0.12933753943217666,0.07255520504731862,0.006309148264984227,0.00946372239747634,0.0031545741324921135,0,0,251,True,317
